{
    "name": "SSCY",
    "short_name": "SSCY",
    "id":"sscy",
    "start_url": "https://sscy.toxscube.com/app/",
    "display": "standalone",
    "scope" : "https://sscy.toxscube.com/app/",
    "background_color": "#FFFFFF",
    "theme_color": "#FFFFFF",
    "orientation": "portrait",
    "icons": [
        {
            "src": "https://sscy.toxscube.com/assets/dist/img/app-img/icon/72x72.png",
            "type": "image/png",
            "sizes": "72x72",
            "purpose": "any maskable"
        },
        {
            "src": "https://sscy.toxscube.com/assets/dist/img/app-img/icon/96x96.png",
            "type": "image/png",
            "sizes": "96x96",
            "purpose": "any maskable"
        },
        {
            "src": "https://sscy.toxscube.com/assets/dist/img/app-img/icon/128x128.png",
            "type": "image/png",
            "sizes": "128x128",
            "purpose": "any maskable"
        },
        {
            "src": "https://sscy.toxscube.com/assets/dist/img/app-img/icon/144x144.png",
            "type": "image/png",
            "sizes": "144x144",
            "purpose": "any maskable"
        },
        {
            "src": "https://sscy.toxscube.com/assets/dist/img/app-img/icon/152x152.png",
            "type": "image/png",
            "sizes": "152x152",
            "purpose": "any maskable"
        },
        {
            "src": "https://sscy.toxscube.com/assets/dist/img/app-img/icon/192x192.png",
            "type": "image/png",
            "sizes": "192x192",
            "purpose": "any maskable"
        },
        {
            "src": "https://sscy.toxscube.com/assets/dist/img/app-img/icon/384x384.png",
            "type": "image/png",
            "sizes": "384x384",
            "purpose": "any maskable"
        },
        {
            "src": "https://sscy.toxscube.com/assets/dist/img/app-img/icon/512x512.png",
            "type": "image/png",
            "sizes": "512x512",
            "purpose": "any maskable"
        }
    ]
}